Messages, Size, Comm, Latency, Bandwidth
1024, 256, intra-node, 0.033145, 7723.638558
1024, 512, intra-node, 0.065909, 7768.286577
1, 128, intra-node, 0.039777, 3.142520
1, 256, intra-node, 0.078372, 3.189915
1024, 256, inter-node, 2.531589, 101.122260
1024, 8, intra-node, 0.002226, 3593.890386
1, 1024, intra-node, 0.312471, 3.200297
1, 2, inter-node, 0.018269, 0.106909
1, 128, inter-node, 1.142560, 0.109403
1024, 1, inter-node, 0.009558, 104.624398
1024, 128, inter-node, 1.365131, 93.763895
1, 4, intra-node, 0.001780, 2.194522
1, 16, intra-node, 0.005240, 2.981870
1, 8, inter-node, 0.072062, 0.108414
1, 2, intra-node, 0.000994, 1.964914
1024, 64, intra-node, 0.010025, 6384.039900
1024, 2, inter-node, 0.018320, 109.170306
1, 1024, inter-node, 9.136162, 0.109455
1024, 32, inter-node, 0.286151, 111.829069
1024, 1024, inter-node, 9.315036, 109.929795
1024, 1, intra-node, 0.003449, 289.939113
1024, 2, intra-node, 0.003571, 560.067208
1, 8, intra-node, 0.002894, 2.699551
1024, 32, intra-node, 0.006339, 5048.114845
1, 512, intra-node, 0.156122, 3.202624
1024, 1024, intra-node, 0.128551, 7965.710107
1024, 512, inter-node, 4.802773, 106.605080
1, 64, inter-node, 0.571685, 0.109326
1, 4, inter-node, 0.036199, 0.107910
1, 256, inter-node, 2.284983, 0.109410
1, 32, intra-node, 0.010187, 3.067635
1, 64, intra-node, 0.019993, 3.126094
1024, 8, inter-node, 0.071917, 111.239345
1, 1, intra-node, 0.000512, 1.907349
1, 1, inter-node, 0.010290, 0.094904
1, 16, inter-node, 0.145062, 0.107713
1024, 16, intra-node, 0.003736, 4282.655246
1, 512, inter-node, 4.569133, 0.109430
1024, 4, inter-node, 0.036254, 110.332653
1024, 16, inter-node, 0.143295, 111.657769
1024, 128, intra-node, 0.017100, 7485.380117
1024, 4, intra-node, 0.001593, 2510.985562
1, 32, inter-node, 0.286141, 0.109212
1024, 64, inter-node, 0.776658, 82.404353
1024, 4, inter-node, 0.036236, 110.387460
1024, 256, intra-node, 0.033503, 7641.106767
1, 8, inter-node, 0.071849, 0.108735
1024, 32, inter-node, 0.286484, 111.699083
1024, 8, inter-node, 0.071883, 111.291961
1, 16, inter-node, 0.143259, 0.109068
1, 32, inter-node, 0.286748, 0.108981
1024, 32, intra-node, 0.006396, 5003.126954
1024, 64, inter-node, 0.772317, 82.867527
1024, 16, intra-node, 0.003585, 4463.040446
1024, 16, inter-node, 0.143312, 111.644524
1, 32, intra-node, 0.010136, 3.083070
1, 8, intra-node, 0.003027, 2.580938
1, 1, intra-node, 0.000495, 1.972854
1024, 1024, inter-node, 9.316423, 109.913429
1024, 64, intra-node, 0.009817, 6519.303249
1, 2, inter-node, 0.018515, 0.105489
1, 64, intra-node, 0.019848, 3.148932
1, 64, inter-node, 0.571811, 0.109302
1, 128, inter-node, 1.142569, 0.109403
1024, 2, intra-node, 0.003577, 559.127761
1024, 1024, intra-node, 0.128960, 7940.446650
1, 4, intra-node, 0.001619, 2.412755
1024, 128, inter-node, 1.365312, 93.751465
1024, 256, inter-node, 2.532713, 101.077382
1, 128, intra-node, 0.039344, 3.177105
1, 2, intra-node, 0.001007, 1.939548
1, 16, intra-node, 0.005302, 2.947001
1024, 512, inter-node, 4.683513, 109.319650
1024, 8, intra-node, 0.002146, 3727.865797
1024, 1, inter-node, 0.009635, 103.788272
1024, 1, intra-node, 0.003457, 289.268152
1, 256, intra-node, 0.078528, 3.183578
1, 1024, intra-node, 0.313118, 3.193684
1, 512, inter-node, 4.569128, 0.109430
1024, 128, intra-node, 0.016728, 7651.841224
1, 512, intra-node, 0.156350, 3.197953
1024, 2, inter-node, 0.018704, 106.928999
1, 1, inter-node, 0.009487, 0.102937
1024, 4, intra-node, 0.001612, 2481.389578
1024, 512, intra-node, 0.066317, 7720.493991
1, 256, inter-node, 2.284828, 0.109417
1, 4, inter-node, 0.037325, 0.104655
1, 1024, inter-node, 9.137229, 0.109442
1, 8, inter-node, 0.072036, 0.108453
1, 2, intra-node, 0.001163, 1.679385
1, 256, intra-node, 0.078631, 3.179408
1024, 64, intra-node, 0.009711, 6590.464422
1, 2, inter-node, 0.018255, 0.106991
1, 32, inter-node, 0.286809, 0.108958
1024, 8, intra-node, 0.002157, 3708.854891
1024, 1, inter-node, 0.009408, 106.292517
1, 4, inter-node, 0.037714, 0.103576
1, 128, inter-node, 1.143280, 0.109335
1024, 2, inter-node, 0.018407, 108.654316
1024, 4, intra-node, 0.001636, 2444.987775
1024, 128, inter-node, 1.365392, 93.745972
1024, 8, inter-node, 0.072017, 111.084883
1024, 256, inter-node, 2.532249, 101.095903
1, 512, intra-node, 0.156833, 3.188105
1024, 1024, inter-node, 9.301575, 110.088883
1024, 32, inter-node, 0.285991, 111.891633
1, 128, intra-node, 0.039633, 3.153937
1, 1024, inter-node, 9.136583, 0.109450
1024, 1, intra-node, 0.003501, 285.632676
1, 64, intra-node, 0.019826, 3.152426
1024, 16, inter-node, 0.143596, 111.423717
1024, 1024, intra-node, 0.128485, 7969.801922
1, 8, intra-node, 0.003157, 2.474659
1, 64, inter-node, 0.571469, 0.109367
1024, 16, intra-node, 0.003601, 4443.210219
1024, 256, intra-node, 0.032728, 7822.048399
1024, 512, intra-node, 0.067831, 7548.171190
1, 1, intra-node, 0.000596, 1.638528
1, 32, intra-node, 0.010177, 3.070650
1, 16, inter-node, 0.143648, 0.108773
1, 1, inter-node, 0.009516, 0.102623
1024, 64, inter-node, 0.776661, 82.404035
1024, 4, inter-node, 0.037442, 106.831900
1024, 128, intra-node, 0.017121, 7476.198820
1, 1024, intra-node, 0.312733, 3.197616
1, 512, inter-node, 4.569365, 0.109424
1, 4, intra-node, 0.001445, 2.703287
1, 16, intra-node, 0.005283, 2.957600
1024, 512, inter-node, 4.685802, 109.266247
1024, 2, intra-node, 0.003536, 565.610860
1024, 32, intra-node, 0.006390, 5007.824726
1, 256, inter-node, 2.287814, 0.109275
1024, 512, inter-node, 4.688815, 109.196034
1, 1, intra-node, 0.000492, 1.984883
1, 8, inter-node, 0.072235, 0.108154
1, 512, intra-node, 0.156523, 3.194419
1024, 64, intra-node, 0.009699, 6598.618414
1024, 8, inter-node, 0.072059, 111.020136
1, 2, intra-node, 0.001003, 1.947283
1, 256, inter-node, 2.285581, 0.109381
1024, 32, inter-node, 0.285955, 111.905719
1, 512, inter-node, 4.569124, 0.109430
1024, 8, intra-node, 0.002179, 3671.408903
1, 8, intra-node, 0.002972, 2.628701
1, 1, inter-node, 0.009496, 0.102839
1024, 512, intra-node, 0.065779, 7783.639155
1, 32, inter-node, 0.286019, 0.109258
1, 1024, inter-node, 9.136560, 0.109450
1024, 2, intra-node, 0.003579, 558.815312
1024, 16, intra-node, 0.003637, 4399.230135
1024, 1024, inter-node, 9.301677, 110.087676
1024, 64, inter-node, 0.772459, 82.852294
1, 64, intra-node, 0.019893, 3.141809
1, 128, inter-node, 1.142469, 0.109412
1, 4, intra-node, 0.001674, 2.333483
1, 32, intra-node, 0.010078, 3.100814
1024, 1, intra-node, 0.003488, 286.697248
1024, 1024, intra-node, 0.128768, 7952.286282
1024, 256, intra-node, 0.032889, 7783.757487
1024, 256, inter-node, 2.525856, 101.351779
1, 16, inter-node, 0.143551, 0.108846
1, 128, intra-node, 0.045140, 2.769163
1024, 2, inter-node, 0.018948, 105.552037
1024, 4, inter-node, 0.036931, 108.310092
1024, 128, intra-node, 0.017353, 7376.246182
1024, 32, intra-node, 0.006324, 5060.088552
1024, 1, inter-node, 0.009380, 106.609808
1024, 128, inter-node, 1.444951, 88.584319
1, 4, inter-node, 0.036555, 0.106860
1, 1024, intra-node, 0.313120, 3.193664
1, 2, inter-node, 0.018393, 0.106188
1, 256, intra-node, 0.078337, 3.191340
1, 16, intra-node, 0.005233, 2.985859
1, 64, inter-node, 0.571389, 0.109383
1024, 16, inter-node, 0.143351, 111.614150
1024, 4, intra-node, 0.001621, 2467.612585
1024, 32, inter-node, 0.286123, 111.840013
1024, 8, inter-node, 0.072048, 111.037086
1, 128, inter-node, 1.142626, 0.109397
1024, 2, inter-node, 0.018389, 108.760672
1024, 1, inter-node, 0.009637, 103.766732
1, 4, inter-node, 0.036137, 0.108096
1024, 256, inter-node, 2.593012, 98.726886
1, 2, inter-node, 0.018655, 0.104697
1024, 2, intra-node, 0.003711, 538.938292
1, 16, intra-node, 0.005407, 2.889773
1024, 512, inter-node, 4.685419, 109.275179
1024, 8, intra-node, 0.002128, 3759.398496
1, 8, inter-node, 0.071821, 0.108777
1024, 16, intra-node, 0.003614, 4427.227449
1, 32, inter-node, 0.286205, 0.109187
1, 1, intra-node, 0.000527, 1.853060
1024, 64, inter-node, 0.772432, 82.855190
1, 512, intra-node, 0.156380, 3.197340
1024, 256, intra-node, 0.033467, 7649.326202
1, 512, inter-node, 4.568603, 0.109443
1024, 4, intra-node, 0.001594, 2509.410289
1024, 128, inter-node, 1.365349, 93.748924
1024, 1024, intra-node, 0.128367, 7977.128078
1024, 32, intra-node, 0.006282, 5093.919134
1, 64, inter-node, 0.571570, 0.109348
1024, 1, intra-node, 0.003455, 289.435601
1, 1024, inter-node, 9.136529, 0.109451
1, 32, intra-node, 0.010163, 3.074879
1, 64, intra-node, 0.019903, 3.140230
1, 2, intra-node, 0.000991, 1.970863
1, 256, inter-node, 2.284288, 0.109443
1024, 128, intra-node, 0.017760, 7207.207207
1, 128, intra-node, 0.039365, 3.175410
1024, 1024, inter-node, 9.339394, 109.643088
1, 8, intra-node, 0.002899, 2.694895
1, 1, inter-node, 0.009524, 0.102537
1, 4, intra-node, 0.001691, 2.310024
1024, 16, inter-node, 0.144321, 110.863977
1, 1024, intra-node, 0.312702, 3.197933
1024, 512, intra-node, 0.065655, 7798.339807
1024, 4, inter-node, 0.036265, 110.299187
1, 16, inter-node, 0.143599, 0.108810
1, 256, intra-node, 0.078636, 3.179205
1024, 64, intra-node, 0.009890, 6471.183013
1, 2, intra-node, 0.001023, 1.909213
1024, 128, intra-node, 0.017246, 7422.010901
1024, 8, inter-node, 0.072378, 110.530824
1024, 4, intra-node, 0.001679, 2382.370459
1024, 512, intra-node, 0.065699, 7793.117095
1024, 16, intra-node, 0.003631, 4406.499587
1, 256, inter-node, 2.285478, 0.109386
1, 1, inter-node, 0.009608, 0.101641
1, 128, inter-node, 1.143181, 0.109344
1024, 1024, inter-node, 9.301519, 110.089546
1024, 1, inter-node, 0.009444, 105.887336
1, 16, inter-node, 0.143392, 0.108967
1024, 256, inter-node, 2.533325, 101.052964
1024, 4, inter-node, 0.036281, 110.250544
1, 1024, intra-node, 0.316348, 3.161076
1024, 2, intra-node, 0.003585, 557.880056
1024, 1024, intra-node, 0.128931, 7942.232667
1024, 2, inter-node, 0.018514, 108.026358
1024, 8, intra-node, 0.002133, 3750.586029
1024, 16, inter-node, 0.143184, 111.744329
1, 4, inter-node, 0.036542, 0.106898
1024, 32, inter-node, 0.286051, 111.868163
1024, 32, intra-node, 0.006333, 5052.897521
1, 2, inter-node, 0.018287, 0.106804
1, 4, intra-node, 0.001646, 2.373177
1, 8, intra-node, 0.003115, 2.508026
1, 16, intra-node, 0.005238, 2.983009
1, 64, intra-node, 0.019864, 3.146395
1, 32, intra-node, 0.010065, 3.104819
1, 1024, inter-node, 9.136844, 0.109447
1, 512, inter-node, 4.568038, 0.109456
1, 64, inter-node, 0.572874, 0.109099
1, 1, intra-node, 0.000552, 1.769135
1024, 1, intra-node, 0.003556, 281.214848
1, 256, intra-node, 0.078370, 3.189996
1024, 64, inter-node, 0.772404, 82.858193
1, 8, inter-node, 0.071789, 0.108826
1024, 512, inter-node, 4.799120, 106.686226
1024, 256, intra-node, 0.032855, 7791.812510
1024, 128, inter-node, 1.365337, 93.749748
1, 512, intra-node, 0.156450, 3.195909
1, 32, inter-node, 0.286231, 0.109178
1024, 64, intra-node, 0.009659, 6625.944715
1, 128, intra-node, 0.039504, 3.164237
1, 4, inter-node, 0.036270, 0.107699
1024, 128, intra-node, 0.016699, 7665.129648
1, 64, inter-node, 0.571871, 0.109290
1024, 64, intra-node, 0.009782, 6542.629319
1024, 32, intra-node, 0.006329, 5056.091010
1024, 1, intra-node, 0.003491, 286.450874
1, 128, intra-node, 0.039475, 3.166561
1024, 8, inter-node, 0.072073, 110.998571
1024, 1, inter-node, 0.009367, 106.757767
1, 1024, intra-node, 0.312150, 3.203588
1024, 8, intra-node, 0.002130, 3755.868545
1024, 1024, intra-node, 0.128226, 7985.899895
1024, 512, intra-node, 0.097099, 5272.968826
1024, 64, inter-node, 0.776296, 82.442780
1, 1024, inter-node, 9.136367, 0.109453
1024, 256, inter-node, 2.533222, 101.057073
1, 512, inter-node, 4.568951, 0.109434
1, 8, inter-node, 0.071878, 0.108691
1024, 2, inter-node, 0.018400, 108.695652
1024, 4, intra-node, 0.001589, 2517.306482
1, 32, intra-node, 0.010142, 3.081246
1024, 256, intra-node, 0.033244, 7700.637709
1024, 2, intra-node, 0.003521, 568.020449
1, 64, intra-node, 0.019884, 3.143231
1, 128, inter-node, 1.142774, 0.109383
1024, 16, intra-node, 0.003589, 4458.066314
1, 512, intra-node, 0.156605, 3.192746
1, 1, intra-node, 0.000509, 1.918590
1, 256, intra-node, 0.078409, 3.188409
1024, 32, inter-node, 0.286004, 111.886547
1024, 1024, inter-node, 9.312184, 109.963463
1, 2, inter-node, 0.018376, 0.106287
1, 8, intra-node, 0.002859, 2.732599
1024, 16, inter-node, 0.143426, 111.555785
1024, 128, inter-node, 1.365395, 93.745766
1024, 512, inter-node, 4.691342, 109.137215
1, 1, inter-node, 0.009492, 0.102883
1, 16, intra-node, 0.005383, 2.902657
1, 32, inter-node, 0.286276, 0.109160
1, 4, intra-node, 0.001605, 2.433801
1, 16, inter-node, 0.143462, 0.108914
1024, 4, inter-node, 0.036320, 110.132159
1, 2, intra-node, 0.001010, 1.933787
1, 256, inter-node, 2.285697, 0.109376
1024, 4, intra-node, 0.001636, 2444.987775
1, 128, inter-node, 1.142974, 0.109364
1024, 32, inter-node, 0.286465, 111.706491
1, 512, inter-node, 4.569668, 0.109417
1, 32, intra-node, 0.010149, 3.079121
1024, 128, intra-node, 0.025377, 5043.937424
1, 2, inter-node, 0.018716, 0.104356
1024, 128, inter-node, 1.365318, 93.751053
1, 64, inter-node, 0.571927, 0.109280
1, 1, intra-node, 0.000560, 1.743862
1024, 8, inter-node, 0.072119, 110.927772
1, 1024, intra-node, 0.312240, 3.202665
1024, 2, intra-node, 0.003643, 548.998079
1, 512, intra-node, 0.156071, 3.203670
1, 256, inter-node, 2.284396, 0.109438
1, 16, intra-node, 0.005277, 2.960963
1024, 2, inter-node, 0.018430, 108.518719
1, 1, inter-node, 0.009489, 0.102915
1, 64, intra-node, 0.019876, 3.144496
1, 2, intra-node, 0.000985, 1.982868
1024, 1024, intra-node, 0.129018, 7936.877025
1, 1024, inter-node, 9.136354, 0.109453
1, 256, intra-node, 0.078307, 3.192563
1024, 16, intra-node, 0.003594, 4451.864218
1024, 8, intra-node, 0.002160, 3703.703704
1024, 512, inter-node, 4.714661, 108.597416
1024, 256, intra-node, 0.033390, 7666.966158
1024, 1, intra-node, 0.003471, 288.101412
1, 32, inter-node, 0.286093, 0.109230
1024, 16, inter-node, 0.143375, 111.595466
1, 8, inter-node, 0.072351, 0.107981
1, 128, intra-node, 0.039537, 3.161595
1024, 1, inter-node, 0.009548, 104.733976
1024, 4, inter-node, 0.036104, 110.791048
1024, 64, intra-node, 0.009730, 6577.595067
1024, 1024, inter-node, 9.313976, 109.942306
1024, 32, intra-node, 0.006346, 5042.546486
1, 4, inter-node, 0.037065, 0.105389
1024, 64, inter-node, 0.776503, 82.420802
1, 16, inter-node, 0.143114, 0.109179
1, 4, intra-node, 0.002145, 1.821096
1024, 512, intra-node, 0.065835, 7777.018303
1, 8, intra-node, 0.002924, 2.671854
1024, 256, inter-node, 2.606217, 98.226663
1024, 4, intra-node, 0.001683, 2376.708259
1024, 512, inter-node, 4.683569, 109.318342
1, 8, intra-node, 0.002937, 2.660027
1024, 16, intra-node, 0.003581, 4468.025691
1, 32, intra-node, 0.010124, 3.086725
1024, 16, inter-node, 0.143323, 111.635955
1, 1024, inter-node, 9.136622, 0.109450
1024, 8, intra-node, 0.002163, 3698.566805
1, 2, inter-node, 0.018243, 0.107062
1, 4, inter-node, 0.036149, 0.108060
1024, 1, intra-node, 0.003490, 286.532951
1, 4, intra-node, 0.001630, 2.396472
1, 8, inter-node, 0.071731, 0.108914
1, 1024, intra-node, 0.312067, 3.204440
1024, 1024, intra-node, 0.128793, 7950.742665
1024, 8, inter-node, 0.072033, 111.060209
1024, 32, intra-node, 0.006380, 5015.673981
1, 256, inter-node, 2.284738, 0.109422
1, 32, inter-node, 0.286236, 0.109176
1024, 2, inter-node, 0.018349, 108.997766
1024, 128, intra-node, 0.016673, 7677.082709
1, 512, intra-node, 0.156554, 3.193786
1024, 256, intra-node, 0.033118, 7729.935383
1, 64, intra-node, 0.019883, 3.143389
1, 16, inter-node, 0.143216, 0.109101
1, 256, intra-node, 0.078430, 3.187556
1024, 64, inter-node, 0.773516, 82.739077
1024, 1, inter-node, 0.009559, 104.613453
1, 512, inter-node, 4.569482, 0.109422
1024, 4, inter-node, 0.036215, 110.451470
1024, 32, inter-node, 0.285976, 111.897502
1, 2, intra-node, 0.001283, 1.522311
1, 128, intra-node, 0.039335, 3.177831
1, 1, intra-node, 0.000515, 1.896238
1, 128, inter-node, 1.142541, 0.109405
1024, 1024, inter-node, 9.295952, 110.155474
1024, 512, intra-node, 0.065611, 7803.569523
1024, 2, intra-node, 0.003599, 555.709919
1024, 128, inter-node, 1.365339, 93.749611
1024, 256, inter-node, 2.588581, 98.895882
1, 1, inter-node, 0.009522, 0.102559
1024, 64, intra-node, 0.009791, 6536.615259
1, 16, intra-node, 0.005243, 2.980164
1, 64, inter-node, 0.572481, 0.109174
1024, 1024, intra-node, 0.129290, 7920.179442
1, 8, intra-node, 0.002872, 2.720230
1024, 512, intra-node, 0.066404, 7710.378893
1024, 2, intra-node, 0.003550, 563.380282
1, 512, inter-node, 4.568588, 0.109443
1, 2, intra-node, 0.000974, 2.005262
1024, 2, inter-node, 0.018407, 108.654316
1024, 4, inter-node, 0.036526, 109.511033
1, 256, intra-node, 0.078328, 3.191707
1024, 128, intra-node, 0.017079, 7494.583992
1024, 128, inter-node, 1.436498, 89.105589
1, 4, intra-node, 0.002338, 1.670766
1024, 16, intra-node, 0.006376, 2509.410289
1, 1024, inter-node, 9.141629, 0.109390
1024, 64, intra-node, 0.009737, 6572.866386
1, 16, inter-node, 0.143165, 0.109140
1, 512, intra-node, 0.156966, 3.185403
1, 1, intra-node, 0.000624, 1.565004
1, 64, inter-node, 0.571491, 0.109363
1, 8, inter-node, 0.072801, 0.107313
1024, 64, inter-node, 0.776828, 82.386320
1, 16, intra-node, 0.006060, 2.578383
1024, 1024, inter-node, 9.307083, 110.023731
1024, 4, intra-node, 0.001657, 2414.001207
1, 256, inter-node, 2.284677, 0.109425
1024, 1, intra-node, 0.003495, 286.123033
1, 1, inter-node, 0.009288, 0.105142
1024, 32, inter-node, 0.285947, 111.908850
1024, 8, intra-node, 0.002138, 3741.814780
1, 128, intra-node, 0.039366, 3.175329
1024, 512, inter-node, 4.703751, 108.849299
1, 2, inter-node, 0.019579, 0.099756
1024, 256, inter-node, 2.534910, 100.989779
1, 32, intra-node, 0.010111, 3.090693
1, 64, intra-node, 0.019982, 3.127815
1024, 1, inter-node, 0.009555, 104.657248
1024, 256, intra-node, 0.032885, 7784.704272
1, 128, inter-node, 1.142599, 0.109400
1, 1024, intra-node, 0.312932, 3.195582
1024, 8, inter-node, 0.072026, 111.071002
1024, 16, inter-node, 0.143230, 111.708441
1, 4, inter-node, 0.036718, 0.106385
1024, 32, intra-node, 0.006586, 4858.791376
1, 32, inter-node, 0.285898, 0.109305
1024, 1024, intra-node, 0.129058, 7934.417084
1, 4, inter-node, 0.037690, 0.103642
1, 32, intra-node, 0.010236, 3.052950
1, 2, intra-node, 0.001109, 1.761159
1024, 1024, inter-node, 9.331907, 109.731055
1024, 1, intra-node, 0.003828, 261.233020
1024, 64, intra-node, 0.009735, 6574.216744
1024, 8, inter-node, 0.071840, 111.358575
1, 128, inter-node, 1.142957, 0.109365
1, 4, intra-node, 0.001642, 2.378959
1, 1024, intra-node, 0.312060, 3.204512
1024, 2, intra-node, 0.003660, 546.448087
1, 32, inter-node, 0.285800, 0.109342
1024, 16, inter-node, 0.144563, 110.678389
1, 1024, inter-node, 9.136763, 0.109448
1, 512, inter-node, 4.568137, 0.109454
1, 16, inter-node, 0.144262, 0.108310
1024, 1, inter-node, 0.009591, 104.264415
1, 1, inter-node, 0.009493, 0.102872
1024, 512, intra-node, 0.065673, 7796.202397
1024, 8, intra-node, 0.002150, 3720.930233
1024, 32, inter-node, 0.286017, 111.881462
1, 256, intra-node, 0.078417, 3.188084
1, 64, intra-node, 0.019940, 3.134403
1024, 128, inter-node, 1.365344, 93.749268
1024, 4, intra-node, 0.001610, 2484.472050
1, 8, intra-node, 0.002867, 2.724974
1, 64, inter-node, 0.571499, 0.109362
1024, 32, intra-node, 0.006307, 5073.727604
1024, 64, inter-node, 0.774418, 82.642707
1024, 2, inter-node, 0.018377, 108.831692
1, 8, inter-node, 0.072828, 0.107273
1024, 16, intra-node, 0.003587, 4460.551993
1, 16, intra-node, 0.005255, 2.973359
1024, 4, inter-node, 0.036180, 110.558320
1, 1, intra-node, 0.000512, 1.907349
1, 128, intra-node, 0.042851, 2.917085
1, 512, intra-node, 0.156436, 3.196195
1024, 256, intra-node, 0.033240, 7701.564380
1, 256, inter-node, 2.285505, 0.109385
1, 2, inter-node, 0.018284, 0.106822
1024, 256, inter-node, 2.534132, 101.020783
1024, 128, intra-node, 0.017097, 7486.693572
1024, 512, inter-node, 4.689525, 109.179501
1024, 256, inter-node, 2.530003, 101.185651
1, 64, intra-node, 0.019928, 3.136291
1024, 8, inter-node, 0.071955, 111.180599
1024, 512, inter-node, 4.683362, 109.323174
1024, 64, inter-node, 0.772406, 82.857979
1, 16, intra-node, 0.005243, 2.980164
1024, 1024, intra-node, 0.128540, 7966.391785
1024, 1, intra-node, 0.003480, 287.356322
1, 512, inter-node, 4.569048, 0.109432
1, 32, inter-node, 0.286072, 0.109238
1024, 64, intra-node, 0.009762, 6556.033600
1, 128, inter-node, 1.143643, 0.109300
1, 128, intra-node, 0.039383, 3.173958
1, 256, intra-node, 0.078524, 3.183740
1024, 1024, inter-node, 9.298906, 110.120481
1, 1, intra-node, 0.000489, 1.997060
1024, 32, inter-node, 0.286003, 111.886938
1024, 2, intra-node, 0.003614, 553.403431
1024, 4, inter-node, 0.036044, 110.975474
1024, 128, intra-node, 0.017100, 7485.380117
1024, 32, intra-node, 0.006254, 5116.725296
1, 64, inter-node, 0.571619, 0.109339
1, 1024, intra-node, 0.312311, 3.201937
1024, 2, inter-node, 0.018600, 107.526882
1, 1024, inter-node, 9.135565, 0.109462
1, 4, inter-node, 0.036469, 0.107112
1, 4, intra-node, 0.001654, 2.361699
1, 512, intra-node, 0.156808, 3.188613
1024, 16, intra-node, 0.003609, 4433.361042
1024, 256, intra-node, 0.032740, 7819.181429
1, 256, inter-node, 2.285108, 0.109404
1, 8, inter-node, 0.071980, 0.108537
1, 16, inter-node, 0.143377, 0.108978
1, 8, intra-node, 0.002852, 2.739306
1024, 4, intra-node, 0.001633, 2449.479486
1024, 16, inter-node, 0.143273, 111.674914
1024, 8, intra-node, 0.002571, 3111.629716
1024, 1, inter-node, 0.010123, 98.784945
1, 1, inter-node, 0.009461, 0.103220
1024, 128, inter-node, 1.364807, 93.786154
1, 2, intra-node, 0.001009, 1.935704
1, 2, inter-node, 0.018356, 0.106403
1, 32, intra-node, 0.010050, 3.109453
1024, 512, intra-node, 0.065217, 7850.713771
1024, 256, intra-node, 0.033285, 7691.152171
1, 32, inter-node, 0.286183, 0.109196
1024, 512, intra-node, 0.065359, 7833.657186
1, 32, intra-node, 0.010129, 3.085201
1024, 16, inter-node, 0.143296, 111.656990
1024, 1, inter-node, 0.009563, 104.569696
1024, 2, inter-node, 0.018363, 108.914665
1, 4, intra-node, 0.001617, 2.415739
1, 512, inter-node, 4.568327, 0.109449
1024, 8, intra-node, 0.002126, 3762.935089
1024, 128, intra-node, 0.017169, 7455.297338
1, 128, inter-node, 1.142356, 0.109423
1024, 2, intra-node, 0.003523, 567.697985
1, 2, inter-node, 0.018524, 0.105438
1024, 1024, intra-node, 0.128570, 7964.532939
1, 16, inter-node, 0.144159, 0.108387
1024, 128, inter-node, 1.365380, 93.746796
1, 4, inter-node, 0.036886, 0.105901
1, 8, inter-node, 0.072658, 0.107524
1024, 4, inter-node, 0.036773, 108.775460
1024, 4, intra-node, 0.001618, 2472.187886
1024, 1024, inter-node, 9.300528, 110.101276
1024, 32, inter-node, 0.286171, 111.821254
1, 8, intra-node, 0.002882, 2.710791
1, 128, intra-node, 0.039546, 3.160876
1, 1024, intra-node, 0.312543, 3.199560
1024, 8, inter-node, 0.072163, 110.860136
1, 1024, inter-node, 9.136403, 0.109452
1024, 256, inter-node, 2.533125, 101.060943
1024, 64, intra-node, 0.009726, 6580.300226
1, 256, inter-node, 2.288010, 0.109265
1, 64, intra-node, 0.019826, 3.152426
1, 512, intra-node, 0.156438, 3.196154
1, 256, intra-node, 0.078299, 3.192889
1024, 512, inter-node, 4.788984, 106.912030
1024, 16, intra-node, 0.003561, 4493.119910
1024, 32, intra-node, 0.006366, 5026.704367
1, 2, intra-node, 0.000968, 2.017691
1024, 1, intra-node, 0.003463, 288.766965
1024, 64, inter-node, 0.882587, 72.514098
1, 1, inter-node, 0.009530, 0.102472
1, 16, intra-node, 0.005240, 2.981870
1, 64, inter-node, 0.571416, 0.109377
1, 1, intra-node, 0.000507, 1.926159
1, 1024, inter-node, 9.136732, 0.109448
1024, 512, intra-node, 0.066604, 7687.225992
1, 1024, intra-node, 0.312291, 3.202142
1024, 16, inter-node, 0.144753, 110.533115
1, 32, intra-node, 0.010107, 3.091916
1, 16, inter-node, 0.143628, 0.108788
1024, 16, intra-node, 0.003607, 4435.819240
1, 2, inter-node, 0.020044, 0.097442
1, 8, inter-node, 0.072057, 0.108421
1024, 2, intra-node, 0.003605, 554.785021
1024, 4, inter-node, 0.036272, 110.277900
1, 512, inter-node, 4.568532, 0.109444
1024, 1, intra-node, 0.003475, 287.769784
1, 256, intra-node, 0.078465, 3.186134
1024, 128, inter-node, 1.365394, 93.745835
1024, 8, intra-node, 0.002193, 3647.970816
1, 4, intra-node, 0.001673, 2.334877
1024, 4, intra-node, 0.001647, 2428.658166
1024, 128, intra-node, 0.016855, 7594.185702
1, 64, inter-node, 0.571551, 0.109352
1, 128, inter-node, 1.143343, 0.109329
1, 16, intra-node, 0.005286, 2.955921
1, 512, intra-node, 0.156457, 3.195766
1024, 2, inter-node, 0.018703, 106.934716
1, 1, intra-node, 0.000508, 1.922367
1024, 8, inter-node, 0.072021, 111.078713
1024, 1024, intra-node, 0.132159, 7748.242647
1, 4, inter-node, 0.036268, 0.107705
1, 8, intra-node, 0.002830, 2.760601
1024, 32, intra-node, 0.006374, 5020.395356
1024, 64, inter-node, 0.772363, 82.862592
1024, 1, inter-node, 0.009491, 105.362975
1024, 256, inter-node, 2.524410, 101.409834
1, 2, intra-node, 0.000965, 2.023964
1, 32, inter-node, 0.285840, 0.109327
1024, 32, inter-node, 0.286168, 111.822426
1024, 1024, inter-node, 9.312996, 109.953875
1, 64, intra-node, 0.019854, 3.147980
1024, 256, intra-node, 0.032939, 7771.942075
1024, 64, intra-node, 0.011315, 5656.208573
1, 128, intra-node, 0.039358, 3.175974
1, 256, inter-node, 2.284548, 0.109431
1024, 512, inter-node, 4.693319, 109.091242
1, 1, inter-node, 0.009689, 0.100791
1024, 16, inter-node, 0.143212, 111.722481
1, 4, inter-node, 0.036426, 0.107238
1024, 512, intra-node, 0.065920, 7766.990291
1, 2, inter-node, 0.018411, 0.106085
1024, 256, intra-node, 0.033167, 7718.515392
1024, 2, intra-node, 0.003603, 555.092978
1024, 1, intra-node, 0.003422, 292.226768
1024, 128, inter-node, 1.365113, 93.765132
1, 16, inter-node, 0.146026, 0.107001
1024, 256, inter-node, 2.534380, 101.010898
1024, 8, inter-node, 0.072046, 111.040169
1024, 2, inter-node, 0.018270, 109.469075
1, 4, intra-node, 0.001673, 2.334877
1, 64, inter-node, 0.572381, 0.109193
1024, 4, inter-node, 0.036343, 110.062460
1, 32, inter-node, 0.286830, 0.108950
1024, 32, inter-node, 0.285911, 111.922941
1024, 64, intra-node, 0.009660, 6625.258799
1024, 1024, intra-node, 0.129285, 7920.485749
1, 512, intra-node, 0.156114, 3.202788
1, 256, inter-node, 2.285482, 0.109386
1024, 16, intra-node, 0.003730, 4289.544236
1, 1024, intra-node, 0.312037, 3.204748
1024, 1, inter-node, 0.009448, 105.842506
1024, 32, intra-node, 0.006320, 5063.291139
1, 8, intra-node, 0.002864, 2.727828
1024, 4, intra-node, 0.001615, 2476.780186
1, 16, intra-node, 0.005231, 2.987001
1, 1024, inter-node, 9.136294, 0.109454
1, 1, intra-node, 0.000578, 1.689554
1, 128, intra-node, 0.039402, 3.172428
1, 2, intra-node, 0.000987, 1.978850
1024, 128, intra-node, 0.017242, 7423.732746
1, 32, intra-node, 0.010136, 3.083070
1024, 64, inter-node, 0.777833, 82.279872
1024, 512, inter-node, 4.699143, 108.956037
1, 64, intra-node, 0.019858, 3.147346
1, 128, inter-node, 1.144238, 0.109243
1024, 8, intra-node, 0.002124, 3766.478343
1, 256, intra-node, 0.078396, 3.188938
1, 1, inter-node, 0.009723, 0.100438
1024, 1024, inter-node, 9.299872, 110.109042
1, 8, inter-node, 0.072413, 0.107888
1, 512, inter-node, 4.569100, 0.109431
1, 1, intra-node, 0.000502, 1.945344
1, 1024, intra-node, 0.312911, 3.195797
1, 4, inter-node, 0.037112, 0.105256
1024, 512, inter-node, 4.686347, 109.253540
1024, 64, intra-node, 0.009767, 6552.677383
1, 512, intra-node, 0.156753, 3.189732
1024, 32, intra-node, 0.006378, 5017.246786
1024, 4, intra-node, 0.001650, 2424.242424
1024, 64, inter-node, 0.772250, 82.874717
1, 64, inter-node, 0.573605, 0.108960
1, 8, intra-node, 0.002866, 2.725925
1, 256, inter-node, 2.286071, 0.109358
1, 128, inter-node, 1.143295, 0.109333
1, 256, intra-node, 0.078237, 3.195419
1, 8, inter-node, 0.072056, 0.108423
1024, 128, inter-node, 1.442669, 88.724441
1, 16, intra-node, 0.005257, 2.972228
1, 128, intra-node, 0.039246, 3.185038
1, 2, inter-node, 0.018526, 0.105426
1024, 512, intra-node, 0.066183, 7736.125591
1024, 16, inter-node, 0.143617, 111.407424
1024, 32, inter-node, 0.286067, 111.861906
1, 1, inter-node, 0.009177, 0.106414
1024, 2, inter-node, 0.018359, 108.938395
1024, 1024, inter-node, 9.295438, 110.161565
1, 16, inter-node, 0.143745, 0.108699
1, 2, intra-node, 0.000958, 2.038753
1, 32, intra-node, 0.010115, 3.089471
1024, 2, intra-node, 0.003516, 568.828214
1024, 16, intra-node, 0.003650, 4383.561644
1024, 256, intra-node, 0.033164, 7719.213605
1024, 1, inter-node, 0.009880, 101.214575
1024, 8, inter-node, 0.071965, 111.165150
1, 4, intra-node, 0.001762, 2.216941
1024, 4, inter-node, 0.036670, 109.080993
1024, 256, inter-node, 2.525752, 101.355953
1024, 1024, intra-node, 0.128463, 7971.166795
1024, 128, intra-node, 0.017206, 7439.265373
1, 64, intra-node, 0.019869, 3.145604
1024, 1, intra-node, 0.003530, 283.286119
1, 512, inter-node, 4.569050, 0.109432
1, 32, inter-node, 0.286182, 0.109196
1, 1024, inter-node, 9.136397, 0.109452
1024, 8, intra-node, 0.002139, 3740.065451
1, 512, intra-node, 0.156228, 3.200451
1, 128, intra-node, 0.039326, 3.178559
1, 256, intra-node, 0.078609, 3.180297
1024, 16, intra-node, 0.003719, 4302.231783
1024, 1, intra-node, 0.003481, 287.273772
1024, 256, intra-node, 0.032871, 7788.019835
1024, 4, intra-node, 0.001633, 2449.479486
1024, 16, inter-node, 0.145595, 109.893884
1024, 8, intra-node, 0.002164, 3696.857671
1024, 2, intra-node, 0.003566, 560.852496
1024, 2, inter-node, 0.018916, 105.730598
1, 1, inter-node, 0.009362, 0.104311
1, 8, inter-node, 0.072031, 0.108460
1, 16, inter-node, 0.143542, 0.108853
1024, 128, inter-node, 1.364968, 93.775092
1024, 1, inter-node, 0.009912, 100.887813
1, 1024, inter-node, 9.136866, 0.109447
1, 1, intra-node, 0.000508, 1.922367
1, 32, intra-node, 0.010117, 3.088860
1024, 512, intra-node, 0.066115, 7744.082281
1024, 512, inter-node, 4.684717, 109.291554
1, 4, inter-node, 0.036240, 0.107788
1024, 8, inter-node, 0.071854, 111.336878
1024, 64, intra-node, 0.009957, 6427.638847
1, 1024, intra-node, 0.312777, 3.197166
1024, 32, intra-node, 0.006299, 5080.171456
1, 4, intra-node, 0.001654, 2.361699
1024, 256, inter-node, 2.526119, 101.341227
1024, 4, inter-node, 0.036160, 110.619469
1024, 1024, inter-node, 9.296659, 110.147097
1, 32, inter-node, 0.286884, 0.108929
1024, 1024, intra-node, 0.129024, 7936.507937
1, 16, intra-node, 0.005249, 2.976757
1, 2, intra-node, 0.000976, 2.001153
1, 512, inter-node, 4.569169, 0.109429
1, 128, inter-node, 1.143567, 0.109307
1, 8, intra-node, 0.003324, 2.350331
1, 256, inter-node, 2.285001, 0.109409
1024, 64, inter-node, 0.772324, 82.866776
1, 2, inter-node, 0.018469, 0.105752
1024, 32, inter-node, 0.286126, 111.838840
1, 64, inter-node, 0.571836, 0.109297
1, 64, intra-node, 0.019846, 3.149249
1024, 128, intra-node, 0.016783, 7626.765179
1024, 2, inter-node, 0.018695, 106.980476
1, 32, intra-node, 0.010151, 3.078514
1, 2, intra-node, 0.000962, 2.030275
1, 1, inter-node, 0.009262, 0.105438
1, 8, intra-node, 0.002881, 2.711732
1024, 512, intra-node, 0.065762, 7785.651288
1, 1024, intra-node, 0.312353, 3.201506
1024, 2, intra-node, 0.003570, 560.224090
1, 2, inter-node, 0.018496, 0.105597
1, 64, intra-node, 0.019805, 3.155769
1, 32, inter-node, 0.286772, 0.108972
1024, 64, inter-node, 0.772210, 82.879010
1024, 1024, intra-node, 0.128867, 7946.177066
1024, 256, intra-node, 0.032833, 7797.033472
1024, 32, inter-node, 0.285995, 111.890068
1024, 256, inter-node, 2.533649, 101.040041
1, 512, intra-node, 0.156265, 3.199693
1, 256, intra-node, 0.078411, 3.188328
1024, 4, intra-node, 0.001612, 2481.389578
1024, 16, inter-node, 0.144291, 110.887027
1024, 1024, inter-node, 9.309888, 109.990582
1024, 64, intra-node, 0.009847, 6499.441454
1024, 8, inter-node, 0.074700, 107.095047
1, 8, inter-node, 0.072002, 0.108504
1, 4, inter-node, 0.036765, 0.106249
1, 256, inter-node, 2.285471, 0.109387
1024, 128, intra-node, 0.020787, 6157.694713
1, 16, inter-node, 0.143094, 0.109194
1, 4, intra-node, 0.001608, 2.429260
1, 16, intra-node, 0.005242, 2.980733
1, 128, inter-node, 1.142849, 0.109376
1, 1, intra-node, 0.000500, 1.953125
1, 64, inter-node, 0.571632, 0.109336
1, 1024, inter-node, 9.135752, 0.109460
1024, 16, intra-node, 0.003615, 4426.002766
1024, 128, inter-node, 1.442511, 88.734159
1024, 1, inter-node, 0.009541, 104.810816
1024, 512, inter-node, 4.759038, 107.584768
1, 128, intra-node, 0.039438, 3.169532
1024, 32, intra-node, 0.006305, 5075.337034
1024, 8, intra-node, 0.002229, 3589.053387
1, 512, inter-node, 4.569150, 0.109430
1024, 1, intra-node, 0.003518, 284.252416
1024, 4, inter-node, 0.036109, 110.775707
1024, 128, intra-node, 0.016860, 7591.933571
1, 4, inter-node, 0.036492, 0.107044
1, 64, inter-node, 0.572002, 0.109265
1024, 64, intra-node, 0.009666, 6621.146286
1, 16, intra-node, 0.005236, 2.984148
1, 8, intra-node, 0.002850, 2.741228
1024, 64, inter-node, 0.776905, 82.378154
1, 32, intra-node, 0.010088, 3.097740
1, 64, intra-node, 0.019806, 3.155609
1, 1024, inter-node, 9.136151, 0.109455
1, 2, inter-node, 0.018517, 0.105477
1, 1, intra-node, 0.000531, 1.839101
1024, 4, inter-node, 0.036441, 109.766472
1, 512, inter-node, 4.568927, 0.109435
1, 256, intra-node, 0.078624, 3.179691
1024, 256, intra-node, 0.033209, 7708.753651
1, 16, inter-node, 0.143440, 0.108931
1024, 4, intra-node, 0.001668, 2398.081535
1024, 8, inter-node, 0.071751, 111.496704
1024, 32, inter-node, 0.285936, 111.913155
1, 32, inter-node, 0.286185, 0.109195
1024, 512, inter-node, 4.773526, 107.258241
1, 256, inter-node, 2.284728, 0.109422
1, 8, inter-node, 0.072117, 0.108331
1, 128, inter-node, 1.142628, 0.109397
1024, 512, intra-node, 0.065614, 7803.212729
1024, 1, inter-node, 0.009500, 105.263158
1024, 1024, inter-node, 9.302541, 110.077451
1024, 2, intra-node, 0.003802, 526.038927
1, 1, inter-node, 0.009853, 0.099113
1024, 32, intra-node, 0.006337, 5049.708064
1, 1024, intra-node, 0.312065, 3.204461
1024, 16, intra-node, 0.003532, 4530.011325
1024, 2, inter-node, 0.018383, 108.796170
1, 4, intra-node, 0.001649, 2.368860
1024, 1024, intra-node, 0.128334, 7979.179329
1024, 128, inter-node, 1.365476, 93.740205
1, 2, intra-node, 0.000982, 1.988926
1024, 16, inter-node, 0.143285, 111.665562
1024, 1, intra-node, 0.003618, 276.395799
1024, 8, intra-node, 0.002118, 3777.148253
1, 128, intra-node, 0.039454, 3.168247
1024, 256, inter-node, 2.525546, 101.364220
1, 512, intra-node, 0.156847, 3.187820
1024, 1, intra-node, 0.003578, 279.485746
1024, 64, intra-node, 0.009829, 6511.343982
1024, 16, intra-node, 0.003560, 4494.382022
1024, 16, inter-node, 0.143291, 111.660886
1, 512, intra-node, 0.156426, 3.196400
1024, 4, inter-node, 0.036577, 109.358340
1024, 1024, intra-node, 0.129283, 7920.608278
1024, 32, intra-node, 0.006386, 5010.961478
1, 64, inter-node, 0.571944, 0.109276
1024, 1024, inter-node, 9.301781, 110.086445
1, 2, inter-node, 0.018336, 0.106519
1024, 512, intra-node, 0.065793, 7781.982886
1024, 2, intra-node, 0.003582, 558.347292
1024, 32, inter-node, 0.285939, 111.911981
1024, 256, intra-node, 0.033224, 7705.273296
1, 256, intra-node, 0.078435, 3.187353
1, 4, intra-node, 0.001635, 2.389144
1, 8, intra-node, 0.002871, 2.721177
1, 256, inter-node, 2.284980, 0.109410
1024, 4, intra-node, 0.001646, 2430.133657
1, 16, inter-node, 0.143145, 0.109155
1, 2, intra-node, 0.000981, 1.990953
1024, 8, inter-node, 0.072004, 111.104939
1, 128, intra-node, 0.039375, 3.174603
1, 16, intra-node, 0.005273, 2.963209
1024, 256, inter-node, 2.527573, 101.282930
1, 32, intra-node, 0.010217, 3.058628
1, 1, intra-node, 0.000600, 1.627604
1, 1024, inter-node, 9.137898, 0.109434
1024, 1, inter-node, 0.009487, 105.407400
1024, 8, intra-node, 0.002127, 3761.165961
1, 512, inter-node, 4.569460, 0.109422
1, 1024, intra-node, 0.312471, 3.200297
1024, 2, inter-node, 0.018339, 109.057201
1024, 512, inter-node, 4.686619, 109.247199
1024, 128, inter-node, 1.365487, 93.739450
1, 8, inter-node, 0.072121, 0.108325
1, 1, inter-node, 0.010836, 0.090122
1024, 128, intra-node, 0.017099, 7485.817884
1, 64, intra-node, 0.019857, 3.147505
1, 128, inter-node, 1.142732, 0.109387
1, 32, inter-node, 0.286672, 0.109010
1, 4, inter-node, 0.036301, 0.107607
1024, 64, inter-node, 0.772324, 82.866776
1, 8, inter-node, 0.071795, 0.108817
1, 1, inter-node, 0.009495, 0.102850
1024, 32, intra-node, 0.006227, 5138.911193
1, 512, inter-node, 4.568102, 0.109455
1024, 256, inter-node, 2.526017, 101.345320
1, 1024, intra-node, 0.313615, 3.188623
1, 32, inter-node, 0.286613, 0.109032
1024, 256, intra-node, 0.033160, 7720.144753
1024, 128, intra-node, 0.017877, 7160.038038
1, 8, intra-node, 0.002816, 2.774325
1, 2, intra-node, 0.000810, 2.411265
1024, 1, intra-node, 0.003430, 291.545190
1024, 16, intra-node, 0.003567, 4485.562097
1, 1, intra-node, 0.000516, 1.892563
1024, 32, inter-node, 0.286034, 111.874812
1024, 512, inter-node, 4.696520, 109.016889
1024, 2, intra-node, 0.003601, 555.401277
1, 16, inter-node, 0.143380, 0.108976
1024, 128, inter-node, 1.365371, 93.747414
1024, 512, intra-node, 0.065703, 7792.642649
1024, 64, intra-node, 0.009786, 6539.955038
1, 32, intra-node, 0.010152, 3.078211
1, 128, intra-node, 0.040121, 3.115575
1024, 1, inter-node, 0.009546, 104.755919
1024, 8, intra-node, 0.002146, 3727.865797
1, 4, intra-node, 0.001437, 2.718337
1, 2, inter-node, 0.018419, 0.106039
1, 128, inter-node, 1.143617, 0.109302
1, 256, inter-node, 2.284747, 0.109421
1, 4, inter-node, 0.038506, 0.101445
1, 256, intra-node, 0.078379, 3.189630
1024, 2, inter-node, 0.018929, 105.657985
1024, 4, intra-node, 0.001635, 2446.483180
1024, 8, inter-node, 0.072014, 111.089510
1, 64, intra-node, 0.019925, 3.136763
1024, 64, inter-node, 0.772423, 82.856155
1, 1024, inter-node, 9.137465, 0.109440
1, 512, intra-node, 0.156476, 3.195378
1, 64, inter-node, 0.571896, 0.109286
1024, 4, inter-node, 0.036052, 110.950849
1024, 1024, inter-node, 9.310336, 109.985289
1024, 1024, intra-node, 0.128522, 7967.507508
1024, 16, inter-node, 0.143286, 111.664782
1, 16, intra-node, 0.005246, 2.978460
1024, 512, inter-node, 4.795253, 106.772260
1, 8, intra-node, 0.002825, 2.765487
1, 4, inter-node, 0.036423, 0.107247
1024, 16, inter-node, 0.143325, 111.634397
1024, 1, inter-node, 0.009563, 104.569696
1024, 2, inter-node, 0.018935, 105.624505
1024, 64, inter-node, 0.772458, 82.852401
1, 256, inter-node, 2.284745, 0.109421
1, 32, intra-node, 0.010182, 3.069142
1, 32, inter-node, 0.286266, 0.109164
1024, 1024, inter-node, 9.302804, 110.074339
1, 1, intra-node, 0.000519, 1.881623
1024, 2, intra-node, 0.003515, 568.990043
1024, 8, inter-node, 0.071877, 111.301251
1, 2, intra-node, 0.000954, 2.047301
1024, 1024, intra-node, 0.128507, 7968.437517
1024, 32, intra-node, 0.011105, 2881.584872
1, 1, inter-node, 0.009451, 0.103329
1, 128, intra-node, 0.039552, 3.160396
1024, 8, intra-node, 0.002220, 3603.603604
1024, 256, inter-node, 2.586259, 98.984672
1024, 16, intra-node, 0.003648, 4385.964912
1024, 128, inter-node, 1.365441, 93.742608
1, 64, intra-node, 0.019876, 3.144496
1, 8, inter-node, 0.071864, 0.108712
1, 512, inter-node, 4.575192, 0.109285
1, 1024, inter-node, 9.140554, 0.109403
1024, 4, intra-node, 0.001632, 2450.980392
1, 1024, intra-node, 0.312489, 3.200113
1, 128, inter-node, 1.143458, 0.109318
1, 256, intra-node, 0.080790, 3.094442
1, 512, intra-node, 0.161603, 3.094002
1024, 4, inter-node, 0.036268, 110.290063
1024, 64, intra-node, 0.010350, 6183.574879
1024, 32, inter-node, 0.285900, 111.927247
1, 16, inter-node, 0.143958, 0.108539
1024, 128, intra-node, 0.017063, 7501.611674
1, 4, intra-node, 0.001669, 2.340473
1, 2, inter-node, 0.018347, 0.106455
1024, 256, intra-node, 0.033400, 7664.670659
1, 64, inter-node, 0.572003, 0.109265
1024, 1, intra-node, 0.003471, 288.101412
1024, 512, intra-node, 0.066795, 7665.244405
1, 16, intra-node, 0.005274, 2.962647
1, 8, inter-node, 0.072158, 0.108269
1, 2, inter-node, 0.018315, 0.106641
1024, 4, inter-node, 0.036119, 110.745037
1024, 1, intra-node, 0.003452, 289.687138
1, 16, intra-node, 0.005276, 2.961524
1, 512, inter-node, 4.569338, 0.109425
1024, 512, inter-node, 4.811555, 106.410506
1, 32, inter-node, 0.286066, 0.109241
1, 32, intra-node, 0.010105, 3.092528
1, 128, inter-node, 1.143012, 0.109360
1024, 1, inter-node, 0.009667, 103.444709
1024, 2, inter-node, 0.018319, 109.176265
1024, 64, inter-node, 0.772463, 82.851865
1024, 64, intra-node, 0.009759, 6558.048980
1, 64, intra-node, 0.019815, 3.154176
1, 1024, inter-node, 9.136511, 0.109451
1, 1, inter-node, 0.009525, 0.102526
1024, 8, inter-node, 0.072007, 111.100310
1024, 4, intra-node, 0.001622, 2466.091245
1, 2, intra-node, 0.000985, 1.982868
1, 64, inter-node, 0.571887, 0.109287
1, 1024, intra-node, 0.312131, 3.203783
1024, 1024, inter-node, 9.314965, 109.930633
1, 128, intra-node, 0.039489, 3.165438
1, 4, inter-node, 0.036261, 0.107726
1, 1, intra-node, 0.000501, 1.949227
1, 16, inter-node, 0.143911, 0.108574
1, 256, inter-node, 2.285274, 0.109396
1024, 16, intra-node, 0.006419, 2492.600093
1024, 256, intra-node, 0.033604, 7618.140698
1024, 256, inter-node, 2.530885, 101.150388
1024, 2, intra-node, 0.003552, 563.063063
1024, 16, inter-node, 0.143675, 111.362450
1024, 512, intra-node, 0.065643, 7799.765398
1024, 32, intra-node, 0.006402, 4998.437988
1024, 128, inter-node, 1.365163, 93.761697
1024, 32, inter-node, 0.286202, 111.809142
1, 512, intra-node, 0.156263, 3.199734
1, 8, intra-node, 0.002871, 2.721177
1024, 1024, intra-node, 0.128483, 7969.925982
1, 4, intra-node, 0.001701, 2.296443
1, 256, intra-node, 0.078237, 3.195419
1024, 128, intra-node, 0.017263, 7414.701964
1024, 8, intra-node, 0.002260, 3539.823009
1, 1024, intra-node, 0.312106, 3.204040
1, 1024, inter-node, 9.137194, 0.109443
1024, 8, intra-node, 0.002249, 3557.136505
1, 2, intra-node, 0.000961, 2.032388
1024, 1, intra-node, 0.003620, 276.243094
1, 512, intra-node, 0.156314, 3.198690
1024, 2, inter-node, 0.018414, 108.613012
1, 16, inter-node, 0.143385, 0.108972
1024, 2, intra-node, 0.003538, 565.291125
1, 512, inter-node, 4.569137, 0.109430
1, 256, inter-node, 2.284664, 0.109425
1, 8, intra-node, 0.002912, 2.682864
1024, 1024, inter-node, 9.318100, 109.893648
1, 8, inter-node, 0.071840, 0.108749
1024, 128, inter-node, 1.364921, 93.778321
1024, 256, intra-node, 0.033021, 7752.642258
1, 4, intra-node, 0.001630, 2.396472
1024, 8, inter-node, 0.072386, 110.518609
1, 64, intra-node, 0.019852, 3.148297
1024, 4, inter-node, 0.038129, 104.907026
1, 128, intra-node, 0.039389, 3.173475
1024, 64, inter-node, 0.772315, 82.867742
1024, 1, inter-node, 0.009487, 105.407400
1024, 128, intra-node, 0.016839, 7601.401508
1024, 1024, intra-node, 0.129285, 7920.485749
1024, 32, intra-node, 0.006441, 4968.172644
1024, 16, inter-node, 0.143316, 111.641408
1, 128, inter-node, 1.144175, 0.109249
1, 32, intra-node, 0.010141, 3.081550
1024, 512, intra-node, 0.066112, 7744.433688
1, 256, intra-node, 0.078230, 3.195705
1024, 32, inter-node, 0.286069, 111.861124
1024, 512, inter-node, 4.700711, 108.919693
1, 64, inter-node, 0.572590, 0.109153
1, 16, intra-node, 0.005857, 2.667748
1, 1, inter-node, 0.010266, 0.095126
1, 1, intra-node, 0.000511, 1.911081
1024, 4, intra-node, 0.001670, 2395.209581
1, 32, inter-node, 0.286798, 0.108962
1, 2, inter-node, 0.018814, 0.103812
1024, 256, inter-node, 2.587018, 98.955632
1024, 16, intra-node, 0.003643, 4391.984628
1024, 64, intra-node, 0.009660, 6625.258799
1, 4, inter-node, 0.036240, 0.107788
1024, 1024, intra-node, 0.128741, 7953.954063
1024, 1, intra-node, 0.003449, 289.939113
1, 1024, inter-node, 9.136692, 0.109449
1024, 2, intra-node, 0.003609, 554.170130
1024, 64, inter-node, 0.776452, 82.426216
1024, 16, inter-node, 0.143300, 111.653873
1024, 64, intra-node, 0.009761, 6556.705256
1024, 8, intra-node, 0.002142, 3734.827264
1, 16, intra-node, 0.005259, 2.971097
1, 1, inter-node, 0.009506, 0.102731
1024, 16, intra-node, 0.003743, 4274.646006
1, 128, intra-node, 0.039391, 3.173314
1024, 256, inter-node, 2.571275, 99.561502
1024, 1, inter-node, 0.009542, 104.799832
1, 1024, intra-node, 0.312854, 3.196379
1, 64, intra-node, 0.019697, 3.173072
1, 2, inter-node, 0.018649, 0.104731
1024, 1024, inter-node, 9.307931, 110.013708
1, 128, inter-node, 1.143157, 0.109346
1, 8, intra-node, 0.002891, 2.702352
1, 8, inter-node, 0.072425, 0.107870
1, 4, inter-node, 0.036850, 0.106004
1, 256, intra-node, 0.078615, 3.180055
1024, 128, inter-node, 1.365254, 93.755448
1024, 32, intra-node, 0.006305, 5075.337034
1024, 256, intra-node, 0.033247, 7699.942852
1024, 2, inter-node, 0.018393, 108.737020
1, 32, inter-node, 0.286299, 0.109152
1, 32, intra-node, 0.010170, 3.072763
1, 64, inter-node, 0.571803, 0.109303
1, 1, intra-node, 0.000501, 1.949227
1024, 4, inter-node, 0.036280, 110.253583
1, 4, intra-node, 0.001706, 2.289713
1024, 512, inter-node, 4.707035, 108.773357
1024, 128, intra-node, 0.017308, 7395.424081
1, 16, inter-node, 0.143569, 0.108833
1024, 8, inter-node, 0.071902, 111.262552
1024, 4, intra-node, 0.001690, 2366.863905
1, 512, inter-node, 4.568247, 0.109451
1, 2, intra-node, 0.001071, 1.823646
1, 256, inter-node, 2.287121, 0.109308
1024, 512, intra-node, 0.066450, 7705.041384
1024, 32, inter-node, 0.285891, 111.930771
1, 512, intra-node, 0.156362, 3.197708
1, 32, intra-node, 0.010204, 3.062525
1, 2, intra-node, 0.000968, 2.017691
1024, 256, inter-node, 2.584649, 99.046331
1024, 1, intra-node, 0.003525, 283.687943
1024, 64, intra-node, 0.009787, 6539.286809
1024, 1024, inter-node, 9.296857, 110.144751
1, 1024, intra-node, 0.311938, 3.205765
1024, 256, intra-node, 0.033552, 7629.947544
1024, 128, inter-node, 1.365273, 93.754143
1024, 64, inter-node, 0.772468, 82.851328
1024, 512, inter-node, 4.692702, 109.105586
1, 16, inter-node, 0.143730, 0.108711
1, 4, intra-node, 0.001664, 2.347506
1, 512, intra-node, 0.156205, 3.200922
1024, 1024, intra-node, 0.128426, 7973.463317
1, 4, inter-node, 0.036637, 0.106620
1, 8, inter-node, 0.071698, 0.108964
1024, 2, intra-node, 0.003584, 558.035714
1024, 16, intra-node, 0.003647, 4387.167535
1024, 16, inter-node, 0.143316, 111.641408
1, 256, inter-node, 2.285350, 0.109392
1024, 1, inter-node, 0.009668, 103.434009
1, 128, inter-node, 1.142761, 0.109384
1024, 512, intra-node, 0.065538, 7812.261589
1024, 128, intra-node, 0.017678, 7240.638081
1, 128, intra-node, 0.039803, 3.140467
1024, 2, inter-node, 0.018383, 108.796170
1, 8, intra-node, 0.002905, 2.689329
1, 64, inter-node, 0.572088, 0.109249
1024, 4, inter-node, 0.036371, 109.977730
1024, 8, inter-node, 0.072048, 111.037086
1, 1024, inter-node, 9.135686, 0.109461
1024, 32, intra-node, 0.006333, 5052.897521
1, 1, inter-node, 0.009531, 0.102462
1024, 4, intra-node, 0.001598, 2503.128911
1, 1, intra-node, 0.000507, 1.926159
1, 32, inter-node, 0.286534, 0.109062
1, 16, intra-node, 0.005325, 2.934272
1, 512, inter-node, 4.569045, 0.109432
1, 64, intra-node, 0.019922, 3.137235
1024, 32, inter-node, 0.286559, 111.669848
1, 2, inter-node, 0.018316, 0.106635
1, 256, intra-node, 0.078445, 3.186946
1024, 8, intra-node, 0.002200, 3636.363636
1024, 512, inter-node, 4.702777, 108.871843
1024, 1, intra-node, 0.003512, 284.738041
1024, 64, intra-node, 0.010041, 6373.867145
1, 512, intra-node, 0.156191, 3.201209
1, 128, intra-node, 0.039427, 3.170416
1, 256, intra-node, 0.078528, 3.183578
1024, 256, inter-node, 2.530974, 101.146831
1024, 8, intra-node, 0.002202, 3633.060854
1024, 128, inter-node, 1.444252, 88.627192
1024, 2, intra-node, 0.003598, 555.864369
1, 1024, inter-node, 9.136577, 0.109450
1, 4, inter-node, 0.036313, 0.107572
1024, 8, inter-node, 0.072256, 110.717449
1024, 256, intra-node, 0.032675, 7834.736037
1024, 16, intra-node, 0.003589, 4458.066314
1024, 32, inter-node, 0.286071, 111.860342
1, 2, intra-node, 0.001038, 1.881623
1, 2, inter-node, 0.018329, 0.106559
1, 8, intra-node, 0.002904, 2.690255
1, 256, inter-node, 2.287844, 0.109273
1024, 1024, inter-node, 9.303282, 110.068683
1, 1, inter-node, 0.009228, 0.105826
1, 1024, intra-node, 0.312128, 3.203814
1, 4, intra-node, 0.001640, 2.381860
1, 64, intra-node, 0.019921, 3.137393
1, 64, inter-node, 0.571837, 0.109297
1024, 128, intra-node, 0.017115, 7478.819749
1, 32, intra-node, 0.010133, 3.083983
1024, 1024, intra-node, 0.128843, 7947.657226
1, 16, inter-node, 0.143832, 0.108634
1, 8, inter-node, 0.072227, 0.108166
1, 32, inter-node, 0.286386, 0.109118
1024, 2, inter-node, 0.018434, 108.495172
1024, 4, inter-node, 0.036189, 110.530824
1, 1, intra-node, 0.000563, 1.734569
1, 128, inter-node, 1.142355, 0.109423
1024, 1, inter-node, 0.009529, 104.942806
1, 16, intra-node, 0.005882, 2.656409
1024, 32, intra-node, 0.006302, 5077.753094
1024, 4, intra-node, 0.001622, 2466.091245
1024, 16, inter-node, 0.143266, 111.680371
1024, 64, inter-node, 0.772822, 82.813377
1024, 512, intra-node, 0.065537, 7812.380793
1, 512, inter-node, 4.568464, 0.109446
1, 512, intra-node, 0.156757, 3.189650
1024, 16, inter-node, 0.143236, 111.703762
1, 16, intra-node, 0.005302, 2.947001
1024, 1024, intra-node, 0.128569, 7964.594887
1, 16, inter-node, 0.143548, 0.108849
1, 2, intra-node, 0.000970, 2.013531
1, 128, inter-node, 1.143968, 0.109269
1024, 1024, inter-node, 9.302872, 110.073534
1024, 2, intra-node, 0.003646, 548.546352
1024, 32, intra-node, 0.006343, 5044.931420
1024, 8, intra-node, 0.002163, 3698.566805
1, 64, intra-node, 0.019893, 3.141809
1024, 512, intra-node, 0.065861, 7773.948164
1, 1024, intra-node, 0.312272, 3.202336
1024, 16, intra-node, 0.003601, 4443.210219
1, 4, inter-node, 0.036199, 0.107910
1024, 8, inter-node, 0.071980, 111.141984
1024, 256, intra-node, 0.033157, 7720.843261
1, 1024, inter-node, 9.135602, 0.109462
1024, 4, intra-node, 0.001695, 2359.882006
1024, 256, inter-node, 2.532795, 101.074110
1024, 1, intra-node, 0.003710, 269.541779
1024, 64, inter-node, 0.772432, 82.855190
1, 256, intra-node, 0.078654, 3.178478
1024, 32, inter-node, 0.286197, 111.811095
1, 8, inter-node, 0.072193, 0.108217
1, 128, intra-node, 0.039554, 3.160237
1, 4, intra-node, 0.001667, 2.343281
1, 256, inter-node, 2.285094, 0.109405
1024, 2, inter-node, 0.018396, 108.719287
1, 512, inter-node, 4.568357, 0.109449
1, 64, inter-node, 0.572362, 0.109197
1, 2, inter-node, 0.018271, 0.106898
1, 32, inter-node, 0.286752, 0.108979
1024, 128, intra-node, 0.018059, 7087.878620
1024, 512, inter-node, 4.685570, 109.271657
1024, 128, inter-node, 1.365258, 93.755173
1, 1, inter-node, 0.009760, 0.100058
1, 32, intra-node, 0.010446, 2.991576
1, 1, intra-node, 0.000488, 2.001153
1024, 64, intra-node, 0.009702, 6596.578025
1024, 4, inter-node, 0.036566, 109.391238
1024, 1, inter-node, 0.010957, 91.265857
1, 8, intra-node, 0.002868, 2.724024
1024, 256, inter-node, 2.534020, 101.025248
1, 1024, intra-node, 0.312178, 3.203301
1024, 512, intra-node, 0.065578, 7807.496416
1, 64, inter-node, 0.571843, 0.109296
1, 128, intra-node, 0.039900, 3.132832
1024, 128, inter-node, 1.365025, 93.771176
1024, 1024, inter-node, 9.305213, 110.045842
1, 512, intra-node, 0.156800, 3.188776
1, 1, intra-node, 0.000512, 1.907349
1024, 64, inter-node, 0.772052, 82.895971
1, 1, inter-node, 0.009725, 0.100418
1024, 512, inter-node, 4.789434, 106.901985
1024, 16, inter-node, 0.143322, 111.636734
1024, 32, intra-node, 0.006356, 5034.612964
1024, 1024, intra-node, 0.128509, 7968.313503
1, 2, intra-node, 0.000982, 1.988926
1024, 8, intra-node, 0.002131, 3754.106053
1, 2, inter-node, 0.018461, 0.105797
1, 256, inter-node, 2.285016, 0.109408
1024, 16, intra-node, 0.003670, 4359.673025
1024, 256, intra-node, 0.032919, 7776.663933
1024, 2, inter-node, 0.018438, 108.471635
1, 128, inter-node, 1.143003, 0.109361
1, 32, inter-node, 0.286876, 0.108932
1024, 4, inter-node, 0.036816, 108.648414
1, 16, intra-node, 0.005282, 2.958160
1024, 128, intra-node, 0.016994, 7532.070142
1, 512, inter-node, 4.568297, 0.109450
1024, 1, inter-node, 0.009622, 103.928497
1, 64, intra-node, 0.019998, 3.125313
1, 8, inter-node, 0.071866, 0.108709
1024, 4, intra-node, 0.001686, 2372.479241
1024, 8, inter-node, 0.071884, 111.290412
1, 256, intra-node, 0.078536, 3.183254
1, 4, intra-node, 0.001657, 2.357423
1, 16, inter-node, 0.143075, 0.109208
1, 1024, inter-node, 9.136716, 0.109449
1024, 32, inter-node, 0.286072, 111.859951
1024, 2, intra-node, 0.003569, 560.381059
1, 8, intra-node, 0.002837, 2.753789
1024, 64, intra-node, 0.009813, 6521.960664
1, 32, intra-node, 0.010144, 3.080639
1, 4, inter-node, 0.036752, 0.106287
1024, 1, intra-node, 0.003540, 282.485876
1, 1024, inter-node, 9.136764, 0.109448
1024, 32, inter-node, 0.285893, 111.929988
1024, 32, intra-node, 0.006295, 5083.399523
1024, 8, inter-node, 0.071995, 111.118828
1024, 128, intra-node, 0.017144, 7466.168922
1024, 4, intra-node, 0.001698, 2355.712603
1, 1, intra-node, 0.000498, 1.960969
1, 16, inter-node, 0.143288, 0.109046
1, 8, intra-node, 0.002892, 2.701418
1024, 4, inter-node, 0.036279, 110.256622
1, 4, intra-node, 0.001406, 2.778272
1, 64, inter-node, 0.571443, 0.109372
1, 128, inter-node, 1.142863, 0.109374
1024, 256, intra-node, 0.033105, 7732.970850
1, 512, intra-node, 0.156917, 3.186398
1, 16, intra-node, 0.005246, 2.978460
1, 2, inter-node, 0.018344, 0.106472
1024, 1, intra-node, 0.003441, 290.613194
1024, 16, intra-node, 0.003617, 4423.555433
1024, 16, inter-node, 0.143448, 111.538676
1, 512, inter-node, 4.568560, 0.109444
1, 4, inter-node, 0.036026, 0.108429
1, 32, intra-node, 0.010131, 3.084592
1024, 64, inter-node, 0.772419, 82.856584
1, 128, intra-node, 0.039343, 3.177185
1, 1024, intra-node, 0.312267, 3.202388
1024, 512, inter-node, 4.881575, 104.884182
1024, 512, intra-node, 0.065893, 7770.172856
1, 64, intra-node, 0.019852, 3.148297
1024, 2, inter-node, 0.018220, 109.769484
1024, 64, intra-node, 0.009921, 6450.962605
1024, 2, intra-node, 0.003498, 571.755289
1024, 128, inter-node, 1.454797, 87.984784
1, 256, intra-node, 0.078407, 3.188491
1, 256, inter-node, 2.284705, 0.109423
1, 1, inter-node, 0.009723, 0.100438
1024, 1024, inter-node, 9.340033, 109.635587
1024, 8, intra-node, 0.002156, 3710.575139
1, 32, inter-node, 0.286395, 0.109115
1, 8, inter-node, 0.072567, 0.107659
1024, 1024, intra-node, 0.128404, 7974.829445
1024, 256, inter-node, 2.532065, 101.103250
1, 2, intra-node, 0.000766, 2.549772
1024, 1, inter-node, 0.009560, 104.602510
